"",8.2 The Bootstrap and Maximum Likelihood Methods . . . .,,261
"",8.2.1 A Smoothing Example . . . . . . . . . . . . . .,,261
"",8.2.2 Maximum Likelihood Inference . . . . . . . . . .,,265
"",8.2.3 Bootstrap versus Maximum Likelihood . . . . .,,267
"",8.3 Bayesian Methods . . . . . . . . . . . . . . . . . . . . . .,,267
"",8.4 Relationship Between the Bootstrap,,
"",and Bayesian Inference . . . . . . . . . . . . . . . . . . .,,271
"",8.5 The EM Algorithm . . . . . . . . . . . . . . . . . . . . .,,272
"",8.5.1 Two-Component Mixture Model . . . . . . . . .,,272
"",8.5.2 The EM Algorithm in General . . . . . . . . . .,,276
"",8.5.3 EM as a Maximization–Maximization Procedure,,277
"",8.6 MCMC for Sampling from the Posterior . . . . . . . . . .,,279
"",8.7 Bagging . . . . . . . . . . . . . . . . . . . . . . . . . . . .,,282
"",8.7.1 Example: Trees with Simulated Data . . . . . .,,283
"",8.8 Model Averaging and Stacking . . . . . . . . . . . . . . .,,288
"",8.9 Stochastic Search: Bumping . . . . . . . . . . . . . . . . .,,290
"",Bibliographic Notes . . . . . . . . . . . . . . . . . . . . . . . . .,,292
"",Exercises . . . . . . . . . . . . . . . . . . . . . . . . . . . . . . .,,293
9,"Additive Models, Trees, and Related Methods",,295
"",9.1 Generalized Additive Models . . . . . . . . . . . . . . . .,,295
"",9.1.1 Fitting Additive Models . . . . . . . . . . . . . .,,297
"",9.1.2 Example: Additive Logistic Regression . . . . .,,299
"",9.1.3 Summary . . . . . . . . . . . . . . . . . . . . . .,,304
"",9.2 Tree-Based Methods . . . . . . . . . . . . . . . . . . . . .,,305
"",9.2.1 Background . . . . . . . . . . . . . . . . . . . .,,305
"",9.2.2 Regression Trees . . . . . . . . . . . . . . . . . .,,307
"",9.2.3 Classification Trees . . . . . . . . . . . . . . . .,,308
"",9.2.4 Other Issues . . . . . . . . . . . . . . . . . . . .,,310
"",9.2.5 Spam Example (Continued) . . . . . . . . . . .,,313
"",9.3 PRIM: Bump Hunting . . . . . . . . . . . . . . . . . . . .,,317
"",9.3.1 Spam Example (Continued) . . . . . . . . . . .,,320
"",9.4 MARS: Multivariate Adaptive Regression Splines . . . . .,,321
"",9.4.1 Spam Example (Continued) . . . . . . . . . . .,,326
"",9.4.2 Example (Simulated Data) . . . . . . . . . . . .,,327
"",9.4.3 Other Issues . . . . . . . . . . . . . . . . . . . .,,328
"",9.5 Hierarchical Mixtures of Experts . . . . . . . . . . . . . .,,329
"",9.6 Missing Data . . . . . . . . . . . . . . . . . . . . . . . . .,,332
"",9.7 Computational Considerations . . . . . . . . . . . . . . .,,334
"",Bibliographic Notes . . . . . . . . . . . . . . . . . . . . . . . . .,,334
"",Exercises . . . . . . . . . . . . . . . . . . . . . . . . . . . . . . .,,335
10 Boosting and Additive Trees,,,337
"",10.1 Boosting Methods . . . . . . . . . . . . . . . . . . . . . .,,337
"",10.1.1 Outline of This Chapter . . . . . . . . . . . . . .,,340
