15 Random Forests,,587
15.1 Introduction . . . . . . . . . . . . . . . . . . . . . . . . .,,587
15.2 Definition of Random Forests . . . . . . . . . . . . . . . .,,587
15.3 Details of Random Forests . . . . . . . . . . . . . . . . .,,592
15.3.1 Out of Bag Samples . . . . . . . . . . . . . . . .,,592
15.3.2 Variable Importance . . . . . . . . . . . . . . . .,,593
15.3.3 Proximity Plots . . . . . . . . . . . . . . . . . .,,595
15.3.4 Random Forests and Overfitting . . . . . . . . .,,596
15.4 Analysis of Random Forests . . . . . . . . . . . . . . . . .,,597
15.4.1 Variance and the De-Correlation Effect . . . . .,,597
15.4.2 Bias . . . . . . . . . . . . . . . . . . . . . . . . .,,600
15.4.3 Adaptive Nearest Neighbors . . . . . . . . . . .,,601
Bibliographic Notes . . . . . . . . . . . . . . . . . . . . . . . . .,,602
Exercises . . . . . . . . . . . . . . . . . . . . . . . . . . . . . . .,,603
16 Ensemble Learning,,605
16.1 Introduction . . . . . . . . . . . . . . . . . . . . . . . . .,,605
16.2 Boosting and Regularization Paths . . . . . . . . . . . . .,,607
16.2.1 Penalized Regression . . . . . . . . . . . . . . .,,607
16.2.2 The “Bet on Sparsity” Principle . . . . . . . . .,,610
"16.2.3 Regularization Paths, Over-fitting and Margins .",,613
16.3 Learning Ensembles . . . . . . . . . . . . . . . . . . . . .,,616
16.3.1 Learning a Good Ensemble . . . . . . . . . . . .,,617
16.3.2 Rule Ensembles . . . . . . . . . . . . . . . . . .,,622
Bibliographic Notes . . . . . . . . . . . . . . . . . . . . . . . . .,,623
Exercises . . . . . . . . . . . . . . . . . . . . . . . . . . . . . . .,,624
17 Undirected Graphical Models,,625
17.1 Introduction . . . . . . . . . . . . . . . . . . . . . . . . .,,625
17.2 Markov Graphs and Their Properties . . . . . . . . . . .,,627
17.3 Undirected Graphical Models for Continuous Variables .,,630
17.3.1 Estimation of the Parameters,,
when the Graph Structure is Known . . . . . . .,,631
17.3.2 Estimation of the Graph Structure . . . . . . . .,,635
17.4 Undirected Graphical Models for Discrete Variables . . .,,638
17.4.1 Estimation of the Parameters,,
when the Graph Structure is Known . . . . . . .,,639
17.4.2 Hidden Nodes . . . . . . . . . . . . . . . . . . .,,641
17.4.3 Estimation of the Graph Structure . . . . . . . .,,642
17.4.4 Restricted Boltzmann Machines . . . . . . . . .,,643
Exercises . . . . . . . . . . . . . . . . . . . . . . . . . . . . . . .,,645
18 High-Dimensional Problems: p≫ N,,649
18.1 When p is Much Bigger than N . . . . . . . . . . . . . .,,649
