"",2.8 Classes of Restricted Estimators . . . . . . . . . . . . . .,,33
"",2.8.1 Roughness Penalty and Bayesian Methods . . .,,34
"",2.8.2 Kernel Methods and Local Regression . . . . . .,,34
"",2.8.3 Basis Functions and Dictionary Methods . . . .,,35
"",2.9 Model Selection and the Bias–Variance Tradeoff . . . . .,,37
"",Bibliographic Notes . . . . . . . . . . . . . . . . . . . . . . . . .,,39
"",Exercises . . . . . . . . . . . . . . . . . . . . . . . . . . . . . . .,,39
3,Linear Methods for Regression,,43
"",3.1 Introduction . . . . . . . . . . . . . . . . . . . . . . . . .,,43
"",3.2 Linear Regression Models and Least Squares . . . . . . .,,44
"",3.2.1 Example: Prostate Cancer . . . . . . . . . . . .,,49
"",3.2.2 The Gauss–Markov Theorem . . . . . . . . . . .,,51
"",3.2.3 Multiple Regression,,
"",from Simple Univariate Regression . . . . . . . .,,52
"",3.2.4 Multiple Outputs . . . . . . . . . . . . . . . . .,,56
"",3.3 Subset Selection . . . . . . . . . . . . . . . . . . . . . . .,,57
"",3.3.1 Best-Subset Selection . . . . . . . . . . . . . . .,,57
"",3.3.2 Forward- and Backward-Stepwise Selection . . .,,58
"",3.3.3 Forward-Stagewise Regression . . . . . . . . . .,,60
"",3.3.4 Prostate Cancer Data Example (Continued) . .,,61
"",3.4 Shrinkage Methods . . . . . . . . . . . . . . . . . . . . . .,,61
"",3.4.1 Ridge Regression . . . . . . . . . . . . . . . . .,,61
"",3.4.2 The Lasso . . . . . . . . . . . . . . . . . . . . .,,68
"","3.4.3 Discussion: Subset Selection, Ridge Regression",,
"",and the Lasso . . . . . . . . . . . . . . . . . . .,,69
"",3.4.4 Least Angle Regression . . . . . . . . . . . . . .,,73
"",3.5 Methods Using Derived Input Directions . . . . . . . . .,,79
"",3.5.1 Principal Components Regression . . . . . . . .,,79
"",3.5.2 Partial Least Squares . . . . . . . . . . . . . . .,,80
"",3.6 Discussion: A Comparison of the Selection,,
"",and Shrinkage Methods . . . . . . . . . . . . . . . . . . .,,82
"",3.7 Multiple Outcome Shrinkage and Selection . . . . . . . .,,84
"",3.8 More on the Lasso and Related Path Algorithms . . . . .,,86
"",3.8.1 Incremental Forward Stagewise Regression . . .,,86
"",3.8.2 Piecewise-Linear Path Algorithms . . . . . . . .,,89
"",3.8.3 The Dantzig Selector . . . . . . . . . . . . . . .,,89
"",3.8.4 The Grouped Lasso . . . . . . . . . . . . . . . .,,90
"",3.8.5 Further Properties of the Lasso . . . . . . . . . .,,91
"",3.8.6 Pathwise Coordinate Optimization . . . . . . . .,,92
"",3.9 Computational Considerations . . . . . . . . . . . . . . .,,93
"",Bibliographic Notes . . . . . . . . . . . . . . . . . . . . . . . . .,,94
"",Exercises . . . . . . . . . . . . . . . . . . . . . . . . . . . . . . .,,94
