6,Kernel Smoothing Methods,,191
"",6.1 One-Dimensional Kernel Smoothers . . . . . . . . . . . .,,192
"",6.1.1 Local Linear Regression . . . . . . . . . . . . . .,,194
"",6.1.2 Local Polynomial Regression . . . . . . . . . . .,,197
"",6.2 Selecting the Width of the Kernel . . . . . . . . . . . . .,,198
"",6.3 Local Regression in IRp . . . . . . . . . . . . . . . . . . .,,200
"",6.4 Structured Local Regression Models in IRp . . . . . . . .,,201
"",6.4.1 Structured Kernels . . . . . . . . . . . . . . . . .,,203
"",6.4.2 Structured Regression Functions . . . . . . . . .,,203
"",6.5 Local Likelihood and Other Models . . . . . . . . . . . .,,205
"",6.6 Kernel Density Estimation and Classification . . . . . . .,,208
"",6.6.1 Kernel Density Estimation . . . . . . . . . . . .,,208
"",6.6.2 Kernel Density Classification . . . . . . . . . . .,,210
"",6.6.3 The Naive Bayes Classifier . . . . . . . . . . . .,,210
"",6.7 Radial Basis Functions and Kernels . . . . . . . . . . . .,,212
"",6.8 Mixture Models for Density Estimation and Classification,,214
"",6.9 Computational Considerations . . . . . . . . . . . . . . .,,216
"",Bibliographic Notes . . . . . . . . . . . . . . . . . . . . . . . . .,,216
"",Exercises . . . . . . . . . . . . . . . . . . . . . . . . . . . . . . .,,216
7,Model Assessment and Selection,,219
"",7.1 Introduction . . . . . . . . . . . . . . . . . . . . . . . . .,,219
"","7.2 Bias, Variance and Model Complexity . . . . . . . . . . .",,219
"",7.3 The Bias–Variance Decomposition . . . . . . . . . . . . .,,223
"",7.3.1 Example: Bias–Variance Tradeoff . . . . . . . .,,226
"",7.4 Optimism of the Training Error Rate . . . . . . . . . . .,,228
"",7.5 Estimates of In-Sample Prediction Error . . . . . . . . . .,,230
"",7.6 The Effective Number of Parameters . . . . . . . . . . . .,,232
"",7.7 The Bayesian Approach and BIC . . . . . . . . . . . . . .,,233
"",7.8 Minimum Description Length . . . . . . . . . . . . . . . .,,235
"",7.9 Vapnik–Chervonenkis Dimension . . . . . . . . . . . . . .,,237
"",7.9.1 Example (Continued) . . . . . . . . . . . . . . .,,239
"",7.10 Cross-Validation . . . . . . . . . . . . . . . . . . . . . . .,,241
"",7.10.1 K-Fold Cross-Validation . . . . . . . . . . . . .,,241
"",7.10.2 The Wrong and Right Way,,
"",to Do Cross-validation . . . . . . . . . . . . . . .,,245
"",7.10.3 Does Cross-Validation Really Work? . . . . . . .,,247
"",7.11 Bootstrap Methods . . . . . . . . . . . . . . . . . . . . .,,249
"",7.11.1 Example (Continued) . . . . . . . . . . . . . . .,,252
"",7.12 Conditional or Expected Test Error? . . . . . . . . . . . .,,254
"",Bibliographic Notes . . . . . . . . . . . . . . . . . . . . . . . . .,,257
"",Exercises . . . . . . . . . . . . . . . . . . . . . . . . . . . . . . .,,257
8,Model Inference and Averaging,,261
"",8.1 Introduction . . . . . . . . . . . . . . . . . . . . . . . . .,,261
