4,Linear Methods for Classification 101
"",4.1 Introduction . . . . . . . . . . . . . . . . . . . . . . . . . 101
"",4.2 Linear Regression of an Indicator Matrix . . . . . . . . . 103
"",4.3 Linear Discriminant Analysis . . . . . . . . . . . . . . . . 106
"",4.3.1 Regularized Discriminant Analysis . . . . . . . . 112
"",4.3.2 Computations for LDA . . . . . . . . . . . . . . 113
"",4.3.3 Reduced-Rank Linear Discriminant Analysis . . 113
"",4.4 Logistic Regression . . . . . . . . . . . . . . . . . . . . . . 119
"",4.4.1 Fitting Logistic Regression Models . . . . . . . . 120
"",4.4.2 Example: South African Heart Disease . . . . . 122
"",4.4.3 Quadratic Approximations and Inference . . . . 124
"",4.4.4 L1 Regularized Logistic Regression . . . . . . . . 125
"",4.4.5 Logistic Regression or LDA? . . . . . . . . . . . 127
"",4.5 Separating Hyperplanes . . . . . . . . . . . . . . . . . . . 129
"",4.5.1 Rosenblatt’s Perceptron Learning Algorithm . . 130
"",4.5.2 Optimal Separating Hyperplanes . . . . . . . . . 132
"",Bibliographic Notes . . . . . . . . . . . . . . . . . . . . . . . . . 135
"",Exercises . . . . . . . . . . . . . . . . . . . . . . . . . . . . . . . 135
5,Basis Expansions and Regularization 139
"",5.1 Introduction . . . . . . . . . . . . . . . . . . . . . . . . . 139
"",5.2 Piecewise Polynomials and Splines . . . . . . . . . . . . . 141
"",5.2.1 Natural Cubic Splines . . . . . . . . . . . . . . . 144
"",5.2.2 Example: South African Heart Disease (Continued)146
"",5.2.3 Example: Phoneme Recognition . . . . . . . . . 148
"",5.3 Filtering and Feature Extraction . . . . . . . . . . . . . . 150
"",5.4 Smoothing Splines . . . . . . . . . . . . . . . . . . . . . . 151
"",5.4.1 Degrees of Freedom and Smoother Matrices . . . 153
"",5.5 Automatic Selection of the Smoothing Parameters . . . . 156
"",5.5.1 Fixing the Degrees of Freedom . . . . . . . . . . 158
"",5.5.2 The Bias–Variance Tradeoff . . . . . . . . . . . . 158
"",5.6 Nonparametric Logistic Regression . . . . . . . . . . . . . 161
"",5.7 Multidimensional Splines . . . . . . . . . . . . . . . . . . 162
"",5.8 Regularization and Reproducing Kernel Hilbert Spaces . 167
"",5.8.1 Spaces of Functions Generated by Kernels . . . 168
"",5.8.2 Examples of RKHS . . . . . . . . . . . . . . . . 170
"",5.9 Wavelet Smoothing . . . . . . . . . . . . . . . . . . . . . 174
"",5.9.1 Wavelet Bases and the Wavelet Transform . . . 176
"",5.9.2 Adaptive Wavelet Filtering . . . . . . . . . . . . 179
"",Bibliographic Notes . . . . . . . . . . . . . . . . . . . . . . . . . 181
"",Exercises . . . . . . . . . . . . . . . . . . . . . . . . . . . . . . . 181
"",Appendix: Computational Considerations for Splines . . . . . . 186
"",Appendix: B-splines . . . . . . . . . . . . . . . . . . . . . 186
"",Appendix: Computations for Smoothing Splines . . . . . 189
